{"loss": 0.32950296998023987, "accuracy": 0.8828999996185303}