{"loss": 0.30944716930389404, "accuracy": 0.8804000020027161}