{"loss": 0.3339383006095886, "accuracy": 0.8748999834060669}