{"loss": 0.3508688509464264, "accuracy": 0.8680999875068665}