epoch,loss,accuracy
1,0.5045135021209717,0.8217166662216187
2,0.3670945167541504,0.8681166768074036
