epoch,loss,accuracy
1,0.6013602614402771,0.792033314704895
2,0.39412224292755127,0.8635333180427551
