epoch,loss,accuracy
1,0.5679721832275391,0.7988333106040955
2,0.37392106652259827,0.868066668510437
