epoch,loss,accuracy
1,0.6994250416755676,0.759066641330719
2,0.4590701460838318,0.8385166525840759
