step	accuracy
0	0.759066641330719
1	0.8385166525840759
