step	accuracy
0	0.792033314704895
1	0.8635333180427551
