step	accuracy
0	0.7988333106040955
1	0.868066668510437
