step	accuracy
0	0.8217166662216187
1	0.8681166768074036
